{
  "1": [
    0.5122121572494507,
    0.5038247108459473,
    0.42690059542655945,
    1.0,
    0.0,
    0.0,
    0.0,
    0.0,
    1.0,
    0.0,
    0.0
  ],
  "2": [
    0.5163423418998718,
    0.5049991607666016,
    0.510869562625885,
    1.0,
    0.0,
    0.0,
    1.0,
    1.0,
    0.0,
    0.0,
    1.0
  ],
  "3": [
    0.48375430703163147,
    0.5127773880958557,
    0.4051724076271057,
    0.0,
    0.0,
    1.0,
    1.0,
    1.0,
    1.0,
    0.0,
    0.0
  ],
  "4": [
    0.5093713998794556,
    0.5123232007026672,
    0.6161616444587708,
    1.0,
    0.0,
    0.0,
    0.0,
    1.0,
    1.0,
    0.0,
    1.0
  ],
  "5": [
    0.4986736476421356,
    0.4885736107826233,
    0.4337349534034729,
    0.0,
    0.0,
    1.0,
    0.0,
    1.0,
    1.0,
    0.0,
    0.0
  ],
  "6": [
    0.4997347593307495,
    0.5027691125869751,
    0.47089946269989014,
    1.0,
    0.0,
    0.0,
    0.0,
    1.0,
    0.0,
    1.0,
    0.0
  ],
  "7": [
    0.5001829862594604,
    0.5178968906402588,
    0.48688048124313354,
    0.0,
    0.0,
    1.0,
    0.0,
    1.0,
    1.0,
    0.0,
    1.0
  ],
  "8": [
    0.530920147895813,
    0.5307452082633972,
    0.5360360145568848,
    1.0,
    0.0,
    0.0,
    0.0,
    0.0,
    0.0,
    1.0,
    0.0
  ],
  "9": [
    0.5072693824768066,
    0.5116320252418518,
    0.5130434632301331,
    1.0,
    0.0,
    1.0,
    0.0,
    1.0,
    1.0,
    0.0,
    0.0
  ],
  "10": [
    0.5132266283035278,
    0.5232028961181641,
    0.5852941274642944,
    1.0,
    0.0,
    0.0,
    1.0,
    1.0,
    1.0,
    0.0,
    0.0
  ],
  "11": [
    0.4844786524772644,
    0.47886788845062256,
    0.479638010263443,
    1.0,
    0.0,
    0.0,
    0.0,
    0.0,
    1.0,
    0.0,
    0.0
  ],
  "12": [
    0.4816014766693115,
    0.46106767654418945,
    0.4893617033958435,
    1.0,
    0.0,
    0.0,
    0.0,
    0.0,
    1.0,
    1.0,
    0.0
  ],
  "13": [
    0.48855602741241455,
    0.5081714391708374,
    0.4912280738353729,
    0.0,
    0.0,
    0.0,
    0.0,
    1.0,
    1.0,
    0.0,
    1.0
  ],
  "14": [
    0.5080394744873047,
    0.49761155247688293,
    0.4900990128517151,
    0.0,
    0.0,
    0.0,
    1.0,
    1.0,
    1.0,
    0.0,
    1.0
  ],
  "15": [
    0.500774085521698,
    0.4880177080631256,
    0.5704225301742554,
    1.0,
    0.0,
    0.0,
    1.0,
    0.0,
    1.0,
    1.0,
    0.0
  ],
  "16": [
    0.5055261850357056,
    0.4857467710971832,
    0.5169082283973694,
    0.0,
    0.0,
    1.0,
    0.0,
    1.0,
    1.0,
    0.0,
    1.0
  ],
  "17": [
    0.48570358753204346,
    0.48909008502960205,
    0.5256916880607605,
    1.0,
    0.0,
    0.0,
    0.0,
    1.0,
    1.0,
    0.0,
    1.0
  ],
  "18": [
    0.4874323308467865,
    0.48056045174598694,
    0.5170454382896423,
    1.0,
    0.0,
    0.0,
    1.0,
    1.0,
    1.0,
    0.0,
    1.0
  ],
  "19": [
    0.46233734488487244,
    0.46895119547843933,
    0.49444442987442017,
    1.0,
    0.0,
    0.0,
    1.0,
    1.0,
    1.0,
    1.0,
    1.0
  ],
  "20": [
    0.5250273942947388,
    0.5254273414611816,
    0.5372340679168701,
    0.0,
    0.0,
    1.0,
    0.0,
    1.0,
    1.0,
    0.0,
    1.0
  ],
  "21": [
    0.4728974401950836,
    0.4703127145767212,
    0.5116822719573975,
    1.0,
    0.0,
    1.0,
    0.0,
    1.0,
    1.0,
    0.0,
    0.0
  ],
  "22": [
    0.5013390779495239,
    0.4946863055229187,
    0.44609665870666504,
    1.0,
    0.0,
    0.0,
    0.0,
    0.0,
    1.0,
    0.0,
    0.0
  ],
  "23": [
    0.48893603682518005,
    0.49735936522483826,
    0.5055350661277771,
    1.0,
    0.0,
    1.0,
    1.0,
    1.0,
    1.0,
    0.0,
    1.0
  ],
  "25": [
    0.44496628642082214,
    0.4450404644012451,
    0.48275861144065857,
    1.0,
    0.0,
    1.0,
    0.0,
    1.0,
    1.0,
    0.0,
    0.0
  ],
  "26": [
    0.4949863851070404,
    0.49585646390914917,
    0.458089679479599,
    0.0,
    0.0,
    1.0,
    0.0,
    1.0,
    1.0,
    0.0,
    1.0
  ],
  "27": [
    0.523759126663208,
    0.5271314382553101,
    0.4989979863166809,
    0.0,
    0.0,
    1.0,
    0.0,
    1.0,
    1.0,
    1.0,
    1.0
  ],
  "28": [
    0.5066632032394409,
    0.5028894543647766,
    0.47727271914482117,
    1.0,
    0.0,
    0.0,
    1.0,
    1.0,
    0.0,
    0.0,
    1.0
  ],
  "29": [
    0.5076227784156799,
    0.5114729404449463,
    0.5264706015586853,
    1.0,
    0.0,
    0.0,
    1.0,
    1.0,
    1.0,
    0.0,
    1.0
  ],
  "30": [
    0.5285429358482361,
    0.5043631196022034,
    0.51171875,
    0.0,
    0.0,
    1.0,
    0.0,
    1.0,
    1.0,
    0.0,
    0.0
  ],
  "31": [
    0.5141582489013672,
    0.4986706078052521,
    0.4292237460613251,
    0.0,
    0.0,
    1.0,
    0.0,
    0.0,
    1.0,
    0.0,
    0.0
  ],
  "32": [
    0.49410852789878845,
    0.4842594265937805,
    0.484375,
    1.0,
    0.0,
    0.0,
    0.0,
    1.0,
    0.0,
    0.0,
    0.0
  ],
  "33": [
    0.49070218205451965,
    0.5036445260047913,
    0.5256410241127014,
    0.0,
    0.0,
    0.0,
    0.0,
    1.0,
    0.0,
    1.0,
    1.0
  ],
  "34": [
    0.5002085566520691,
    0.52084881067276,
    0.5183823704719543,
    1.0,
    0.0,
    0.0,
    0.0,
    0.0,
    1.0,
    1.0,
    0.0
  ],
  "35": [
    0.49134233593940735,
    0.48605862259864807,
    0.4382716119289398,
    1.0,
    0.0,
    0.0,
    0.0,
    0.0,
    1.0,
    0.0,
    0.0
  ],
  "36": [
    0.5223699808120728,
    0.5041447281837463,
    0.48404255509376526,
    1.0,
    0.0,
    0.0,
    1.0,
    1.0,
    1.0,
    0.0,
    0.0
  ],
  "37": [
    0.530482828617096,
    0.5038948059082031,
    0.5183098316192627,
    0.0,
    0.0,
    1.0,
    0.0,
    1.0,
    0.0,
    0.0,
    1.0
  ],
  "38": [
    0.47002118825912476,
    0.4708619713783264,
    0.48122867941856384,
    0.0,
    0.0,
    0.0,
    1.0,
    1.0,
    1.0,
    0.0,
    1.0
  ],
  "39": [
    0.4897000789642334,
    0.49442246556282043,
    0.47838616371154785,
    1.0,
    0.0,
    0.0,
    0.0,
    0.0,
    1.0,
    0.0,
    0.0
  ],
  "40": [
    0.48984068632125854,
    0.4859112799167633,
    0.4678899049758911,
    0.0,
    0.0,
    1.0,
    0.0,
    1.0,
    1.0,
    1.0,
    1.0
  ],
  "41": [
    0.4709607660770416,
    0.4806364178657532,
    0.5362318754196167,
    1.0,
    0.0,
    0.0,
    1.0,
    1.0,
    0.0,
    0.0,
    1.0
  ],
  "42": [
    0.5889977216720581,
    0.5666648745536804,
    0.5143442749977112,
    1.0,
    0.0,
    1.0,
    1.0,
    1.0,
    0.0,
    0.0,
    1.0
  ],
  "43": [
    0.49015361070632935,
    0.49286192655563354,
    0.5474452376365662,
    1.0,
    0.0,
    0.0,
    0.0,
    1.0,
    1.0,
    1.0,
    0.0
  ],
  "44": [
    0.4578891098499298,
    0.4391948878765106,
    0.3772242069244385,
    1.0,
    0.0,
    0.0,
    0.0,
    0.0,
    0.0,
    0.0,
    0.0
  ],
  "45": [
    0.48090946674346924,
    0.5054565668106079,
    0.6797385811805725,
    0.0,
    0.0,
    0.0,
    0.0,
    0.0,
    1.0,
    1.0,
    0.0
  ],
  "46": [
    0.4950096309185028,
    0.5134856104850769,
    0.537960946559906,
    1.0,
    0.0,
    0.0,
    0.0,
    0.0,
    0.0,
    0.0,
    0.0
  ],
  "47": [
    0.47674867510795593,
    0.4771747291088104,
    0.47252747416496277,
    1.0,
    0.0,
    0.0,
    1.0,
    1.0,
    0.0,
    0.0,
    1.0
  ],
  "48": [
    0.4770694077014923,
    0.46820926666259766,
    0.523809552192688,
    1.0,
    0.0,
    0.0,
    0.0,
    0.0,
    1.0,
    1.0,
    0.0
  ],
  "49": [
    0.4954233765602112,
    0.4930104911327362,
    0.5072463750839233,
    1.0,
    0.0,
    0.0,
    1.0,
    1.0,
    1.0,
    1.0,
    1.0
  ],
  "50": [
    0.4932098388671875,
    0.503358781337738,
    0.5625,
    0.0,
    0.0,
    1.0,
    0.0,
    1.0,
    1.0,
    0.0,
    0.0
  ],
  "51": [
    0.5120465159416199,
    0.5231373310089111,
    0.5193548202514648,
    0.0,
    0.0,
    0.0,
    1.0,
    1.0,
    1.0,
    0.0,
    1.0
  ],